<?xml version="1.0" encoding="UTF-8"?>
<project-private xmlns="http://www.netbeans.org/ns/project-private/1">
    <editor-bookmarks xmlns="http://www.netbeans.org/ns/editor-bookmarks/2" lastBookmarkId="0"/>
    <open-files xmlns="http://www.netbeans.org/ns/projectui-open-files/2">
        <group>
            <file>file:/C:/Users/reiva/Documents/UST%20NETBEANS%20PROG/2ND%20YR,%201ST%20TERM,%20FINALS/ICS2608/FileXpress/web/index.jsp</file>
            <file>file:/C:/Users/reiva/Documents/UST%20NETBEANS%20PROG/2ND%20YR,%201ST%20TERM,%20FINALS/ICS2608/FileXpress/web/error3.jsp</file>
            <file>file:/C:/Users/reiva/Documents/UST%20NETBEANS%20PROG/2ND%20YR,%201ST%20TERM,%20FINALS/ICS2608/FileXpress/web/signup.html</file>
            <file>file:/C:/Users/reiva/Documents/UST%20NETBEANS%20PROG/2ND%20YR,%201ST%20TERM,%20FINALS/ICS2608/FileXpress/web/error2.jsp</file>
            <file>file:/C:/Users/reiva/Documents/UST%20NETBEANS%20PROG/2ND%20YR,%201ST%20TERM,%20FINALS/ICS2608/FileXpress/web/error1.jsp</file>
            <file>file:/C:/Users/reiva/Documents/UST%20NETBEANS%20PROG/2ND%20YR,%201ST%20TERM,%20FINALS/ICS2608/FileXpress/web/WEB-INF/web.xml</file>
            <file>file:/C:/Users/reiva/Documents/UST%20NETBEANS%20PROG/2ND%20YR,%201ST%20TERM,%20FINALS/ICS2608/FileXpress/web/result.jsp</file>
            <file>file:/C:/Users/reiva/Documents/UST%20NETBEANS%20PROG/2ND%20YR,%201ST%20TERM,%20FINALS/ICS2608/FileXpress/web/start.html</file>
            <file>file:/C:/Users/reiva/Documents/UST%20NETBEANS%20PROG/2ND%20YR,%201ST%20TERM,%20FINALS/ICS2608/FileXpress/web/styles.css</file>
        </group>
    </open-files>
</project-private>
